{
    "Linear Regression": {
        "CV_R2": 0.7309980713834469,
        "Test_R2": 0.7330149472299705,
        "MAE": 7.863668530669978,
        "RMSE": 9.772397719014052
    },
    "Random Forest": {
        "CV_R2": 0.7029745820331333,
        "Test_R2": 0.6992158562645873,
        "MAE": 8.357701375000001,
        "RMSE": 10.372540249233328
    },
    "Gradient Boosting": {
        "CV_R2": 0.725021369722146,
        "Test_R2": 0.7282084616351097,
        "MAE": 7.951716390881182,
        "RMSE": 9.859970727242136
    }
}